<?xml version="1.0" encoding="utf-8"?>
<install version="2.0" type="plugin" group="emailalerts" method="upgrade">
	<name>J!MailAlerts - Eventlist - Latest Events</name>
	<author>Techjoomla</author>
	<creationDate>18th May 2012</creationDate>
	<copyright>Techjoomla. All rights reserved.</copyright>
	<license>http://www.gnu.org/licenses/gpl-2.0.html GNU/GPL</license>
	<authorEmail>extensions@techjoomla.com</authorEmail>
	<authorUrl>http://www.techjoomla.com</authorUrl>	
	<version>2.4.4</version>
	<description> This Plugin pulls the Latest Events associated with the Eventlist component to J!MailAlerts Component.</description>
 
  	<files>
    	<filename plugin="jma_latestevents_el">jma_latestevents_el.php</filename>
		<folder>jma_latestevents_el</folder>
	</files>
  
  	<languages folder="language/en-GB">
        <language tag="en-GB">en-GB.plg_emailalerts_jma_latestevents_el.ini</language>
    </languages>
	
  	<params >
		<param name="plugintitle" type="text" default="Latest Events in Eventlist" label="LBL_PLUGIN_TITLE_LE_EL" description="DESC_PLUGIN_TITLE_LE_EL" />
		<param name="el_version" type="list" default="old" label="LBL_EL_VERSION_LE_EL" description="DESC_EL_VERSION_LE_EL">
			<option value="old">1.0.1</option>
			<option value="new">newer than 1.0.1</option>
    	</param>
	</params>
	
	<params group="legacy" addpath="/administrator/components/com_jmailalerts/plugins/emailalerts/element/joomla15">
		<param name="count" type="text" default="5"  class="required validate-numeric inputbox" label="LBL_COUNT_LE_EL" description="DESC_COUNT_LE_EL" />
		
		<param name="catid" type="sqlmultilistx" default="1" label="LBL_CATEGORY_LE_EL" sql="SELECT id , catname FROM #__eventlist_categories WHERE published = 1" key_field='id' value_field='catname' multiple="multiple" description="DESC_CATEGORY_LE_EL" />
		
		<param name="venid" type="sqlmultilistx" default="1" label="LBL_VENUES_LE_EL" sql="SELECT id , venue FROM #__eventlist_venues WHERE published = 1" key_field='id' value_field='venue' multiple="multiple" description="DESC_VENUES_LE_EL" />
		
	</params>
	
  <!-- Fields for Joomla 1.6.x and onwards -->
 
	<config name="params">
  	<fields name="params">
    	<fieldset name="basic" label="Plugin Parameters">
				<field name="plugintitle" type="text" default="Latest Events in Eventlist" label="LBL_PLUGIN_TITLE_LE_EL" description="DESC_PLUGIN_TITLE_LE_EL" />
				<field name="el_version" type="list" default="old" label="LBL_EL_VERSION_LE_EL" description="DESC_EL_VERSION_LE_EL">
					<option value="old">1.0.1</option>
					<option value="new">newer than 1.0.1</option>
				</field>
       </fieldset>
      <fieldset name="legacy" label="Legacy Parameters">
				<field name="count" type="text" default="5"  class="required validate-numeric inputbox" label="LBL_COUNT_LE_EL" description="DESC_COUNT_LE_EL" />
				<field name="catid" type="sql" default="1" label="LBL_CATEGORY_LE_EL" query="SELECT id , catname FROM #__eventlist_categories WHERE published = 1" key_field='id' value_field='catname' multiple="multiple" description="DESC_CATEGORY_LE_EL" />
				<field name="venid" type="sql" default="1" label="LBL_VENUES_LE_EL" query="SELECT id , venue FROM #__eventlist_venues WHERE published = 1" key_field='id' value_field='venue' multiple="multiple" description="DESC_VENUES_LE_EL" />
			</fieldset>
		</fields>
	</config>
</install>
