<?xml version="1.0" encoding="utf-8"?>
<install version="1.5" type="plugin" group="emailalerts" method="upgrade">
	<name>J!MailAlerts - Latest Users</name>
	<author>Techjoomla</author>
	<creationDate>18th May 2012</creationDate>
	<copyright>Techjoomla. All rights reserved.</copyright>
	<license>http://www.gnu.org/licenses/gpl-2.0.html GNU/GPL</license>
	<authorEmail>extensions@techjoomla.com</authorEmail>
	<authorUrl>http://www.techjoomla.com</authorUrl>	
	<version>2.4.4</version>
	<description>
		This Plugin pulls latest users in Joomla or JomSocial and Community Builder to the J!MailAlerts component.
	</description>

	<files>
		<filename plugin="jma_latestusers">jma_latestusers.php</filename>
		<folder>jma_latestusers</folder>
	</files>

	<languages folder="language/en-GB">
        <language tag="en-GB">en-GB.plg_emailalerts_jma_latestusers.ini</language>
    </languages>
    
   
   <!-- parameters for Joomla 1.5.x -->
    <params>
		<param name="plugintitle" type="text" default="Latest Users" label="LBL_PLUGIN_TITLE_LU" description="DESC_PLUGIN_TITLE_LU" />
		<param name="disp_name" type="radio" default="0" label="LBL_DISP_NAME_LU" description="DESC_DISP_NAME_LU">
			<option value="0">Joomla</option>
			<option value="1">JomSocial</option>
			<option value="2">Community Builder</option>
		</param>
		<param name="show_name" type="radio" default="username" label="LBL_SHOW_NAME_LU" description="DESC_SHOW_NAME_LU">
			<option value="name">Name</option>
			<option value="username">Username</option>
		</param>
		<param name="show_users_with_avatar" type="radio" default="0" label="LBL_SHOW_ONLY_USERS_WITH_AVATAR_LU" description="DESC_SHOW_ONLY_USERS_WITH_AVATAR_LU">
			<option value="1">Yes</option>
			<option value="0">No</option>
		</param>
	</params>
	
 	<params group="legacy">
		<param name="no_of_users" type="text" default="5" class="required validate-numeric inputbox" label="LBL_NO_OF_USERS_LU" description="DESC_NO_OF_USERS_LU" />
	</params>

  <!-- Fields for Joomla 1.6.x and onwards -->
 
	<config name="params">
  	<fields name="params">
    	<fieldset name="basic" label="Plugin Parameters">
				<field name="plugintitle" type="text" default="Latest Users" label="LBL_PLUGIN_TITLE_LU" description="DESC_PLUGIN_TITLE_LU" />
				<field name="disp_name" type="radio" default="0" label="LBL_DISP_NAME_LU" description="DESC_DISP_NAME_LU">
						<option value="0">Joomla</option>
						<option value="1">JomSocial</option>
						<option value="2">Community Builder</option>
		    </field>
		    <field name="show_name" type="radio" default="username" label="LBL_SHOW_NAME_LU" description="DESC_SHOW_NAME_LU">
				<option value="name">Name</option>
				<option value="username">Username</option>
			</field>
			<field name="show_users_with_avatar" type="radio" default="0" label="LBL_SHOW_ONLY_USERS_WITH_AVATAR_LU" description="DESC_SHOW_ONLY_USERS_WITH_AVATAR_LU">
				<option value="1">Yes</option>
				<option value="0">No</option>
			</field>
       </fieldset>
      <fieldset name="legacy" label="Legacy Parameters">
				<field name="no_of_users" type="text" default="5" class="required validate-numeric inputbox" label="LBL_NO_OF_USERS_LU" description="DESC_NO_OF_USERS_LU" />
			</fieldset>
		</fields>
	</config>
 
</install>
