<?xml version="1.0" encoding="utf-8"?>
<install version="1.5" type="plugin" group="emailalerts" method="upgrade">
	<name>J!MailAlerts - K2 - Latest Items</name>
	<author>Techjoomla</author>
	<creationDate>18th May 2012</creationDate>
	<copyright>Techjoomla. All rights reserved.</copyright>
	<license>http://www.gnu.org/licenses/gpl-2.0.html GNU/GPL</license>
	<authorEmail>extensions@techjoomla.com</authorEmail>
	<authorUrl>http://www.techjoomla.com</authorUrl>	
	<version>2.4.4</version>
	<description>
		This Plugin pulls the latest items from K2 to the J!MailAlerts component.
	</description>
  	<files>
    	<filename plugin="jma_latest_content_k2">jma_latest_content_k2.php</filename>
    	<folder>jma_latest_content_k2</folder>
 	</files>
	<languages folder="language/en-GB">
        <language tag="en-GB">en-GB.plg_emailalerts_jma_latest_content_k2.ini</language>
    </languages>
    
	<!-- parameters for Joomla 1.5.x -->
	<params addpath="/administrator/components/com_jmailalerts/plugins/emailalerts/element/joomla15">
		<param name="plugintitle" type="text" default="K2 - Latest Items" label="LBL_PLUGIN_TITLE_K2" description="DESC_PLUGIN_TITLE_K2" />	
		<param name="category" type="sqlmultilistx" default="1" label="LBL_ALLOWED_CATEGORY_K2" sql="SELECT id , name FROM #__k2_categories WHERE published = 1" key_field='id' value_field='name' multiple="multiple" description="DESC_ALLOWED_CATEGORY_K2" />	
		<param name="show_cat_image" type="radio" default="0" label="LBL_SHOW_CAT_IMG_K2" description="DESC_SHOW_CAT_IMG_K2">
			<option value="0">No</option>
			<option value="1">Yes</option>
		</param>
	</params>
	<params group="legacy" addpath="/plugins/emailalerts/jma_latest_content_k2/element/joomla15">
		<param name="no_of_items" type="text" default="5" class="required validate-numeric inputbox" label="LBL_COUNT_K2" description="DESC_COUNT_K2" />
		<param name="catid" type="JMACategoriesK2" default="1" label="LBL_CATEGORY_K2" element="jma_latest_content_k2" multiple="multiple" description="DESC_CATEGORY_K2" key_field='id' value_field='name' />		
	</params>
  
  <!-- parameters for Joomla 1.6 -->
  <config name="params">
  	<fields name="params" addfieldpath="/administrator/components/com_jmailalerts/plugins/emailalerts/element/joomla16">
    	<fieldset name="basic" label="Plugin Parameters">
				<field name="plugintitle" type="text" default="K2 - Latest Items" label="LBL_PLUGIN_TITLE_K2" description="DESC_PLUGIN_TITLE_K2" />	
				<field name="category" type="sql" default="1" label="LBL_ALLOWED_CATEGORY_K2" query="SELECT id , name FROM #__k2_categories WHERE published = 1" key_field='id' value_field='name' multiple="multiple" description="DESC_ALLOWED_CATEGORY_K2" />	
				<field name="show_cat_image" type="radio" default="0" label="LBL_SHOW_CAT_IMG_K2" description="DESC_SHOW_CAT_IMG_K2">
					<option value="0">No</option>
					<option value="1">Yes</option>
				</field>
      </fieldset>
      <fieldset name="legacy" label="Legacy Parameters" addfieldpath="/plugins/emailalerts/jma_latest_content_k2/jma_latest_content_k2/element/joomla16">
					<field name="no_of_items" type="text" default="5" class="required validate-numeric inputbox" label="LBL_COUNT_K2" description="DESC_COUNT_K2" />
					<field name="catid" type="jmacategoriesk2" default="1" label="LBL_CATEGORY_K2" element="jma_latest_content_k2" multiple="multiple" description="DESC_CATEGORY_K2" key_field='id' value_field='name' />
			</fieldset>
		</fields>
	</config>
</install>
