<?xml version="1.0" encoding="utf-8"?>
<install version="1.5" type="plugin" group="emailalerts" method="upgrade">
	<name>J!MailAlerts - Kunena(1.6) - Latest Forum Posts</name>
	<author>Techjoomla</author>
	<creationDate>18th May 2012</creationDate>
	<copyright>(c) Techjoomla</copyright>
	<license>http://www.gnu.org/licenses/gpl-2.0.html GNU/GPL</license>
	<authorEmail>extensions@techjoomla.com</authorEmail>
	<authorUrl>http://www.techjoomla.com</authorUrl>	
	<version>2.4.4</version>
	<description>
		This Plugin pulls the latest posts from Kunena created to the J!MailAlerts component.
	</description>
	<files>
    	<filename plugin="jma_latest_posts_ku16">jma_latest_posts_ku16.php</filename>
		<folder>jma_latest_posts_ku16</folder>
	</files>
	<languages folder="language/en-GB">
        <language tag="en-GB">en-GB.plg_emailalerts_jma_latest_posts_ku16.ini</language>
    </languages>
 <!-- parameters for Joomla 1.5.x -->
	<params>
		<param name="plugintitle" type="text" default="Kunena - Latest Posts" label="LBL_PLUGIN_TITLE_KU" description="DESC_PLUGIN_TITLE_KU" />
	</params>
	<params group="legacy" addpath="/administrator/components/com_jmailalerts/plugins/emailalerts/element/joomla15" >
		<param name="no_of_posts" type="text" default="5" label="LBL_COUNT_KU" class="required validate-numeric" description="DESC_COUNT_KU" />	
		<param name="category" type="sqlmultilistx" sql="SELECT id, name FROM #__kunena_categories WHERE published=1 AND locked=0" key_field="id" value_field="name" default="1" multiple="multiple" label="LBL_CATEGORY_KU" description="DESC_CATEGORY_KU" />
	</params>

  <!-- Fields for Joomla 1.6.x and onwards -->
 
	<config name="params">
  	<fields name="params">
    	<fieldset name="basic" label="Plugin Parameters">
				<field name="plugintitle" type="text" default="Kunena - Latest Posts" label="LBL_PLUGIN_TITLE_KU" description="DESC_PLUGIN_TITLE_KU" />
       </fieldset>
      <fieldset name="legacy" label="Legacy Parameters">
				<field name="no_of_posts" type="text" default="5" label="LBL_COUNT_KU" class="required validate-numeric" description="DESC_COUNT_KU" />	
				<field name="category" type="sql" query="SELECT id, name FROM #__kunena_categories WHERE published=1 AND locked=0" key_field="id" value_field="name" default="1" multiple="multiple" label="LBL_CATEGORY_KU" description="DESC_CATEGORY_KU" />
			</fieldset>
		</fields>
	</config>
</install>
