<?xml version="1.0" encoding="utf-8"?>
<install version="1.5" type="plugin" group="emailalerts" method="upgrade">
	
	<name>J!MailAlerts - Phoca Gallery - Latest Photos</name>
	<author>Techjoomla</author>
	<creationDate>18th May 2012</creationDate>
	<copyright>Techjoomla. All rights reserved.</copyright>
	<license>http://www.gnu.org/licenses/gpl-2.0.html GNU/GPL</license>
	<authorEmail>extensions@techjoomla.com</authorEmail>
	<authorUrl>http://www.techjoomla.com</authorUrl>	
	<version>2.4.4</version>
	<description>
		This Plugin pulls the Latest Photos from Phocagallery photos and the user adding them to the J!MailAlerts Component.
	</description>
	
	<files>
		<file plugin="jma_latestphoto_pg">jma_latestphoto_pg.php</file>
		<folder>jma_latestphoto_pg</folder>
	</files>
	
	<languages folder="language/en-GB">
        <language tag="en-GB">en-GB.plg_emailalerts_jma_latestphoto_pg.ini</language>
    </languages>
	<!-- parameters for Joomla 1.5.x -->
	<params >
		<param name="plugintitle" type="text" default="Latest Photos Phoca Gallery" label="LBL_PLUGIN_TITLE_LP_PG" description="DESC_PLUGIN_TITLE_LP_PG" />
	</params>

	<params group="legacy">		
		<param name="count" type="text" default="9" class="required validate-numeric inputbox" label="LBL_COUNT_LP_PG" description="DESC_COUNT_LP_PG" />
	</params>
	<!-- parameters for Joomla 1.6 -->
		<config name="params">
  	<fields name="params">
     	<fieldset name="basic" label="Plugin Parameters">
				<field name="plugintitle" type="text" default="Latest Photos Phoca Gallery" label="LBL_PLUGIN_TITLE_LP_PG" description="DESC_PLUGIN_TITLE_LP_PG" />
	    </fieldset>
     <fieldset name="legacy" label="Legacy Parameters">
        <field name="count" type="text" default="9" class="required validate-numeric inputbox" label="LBL_COUNT_LP_PG" description="DESC_COUNT_LP_PG" />
     </fieldset>
		</fields>
	</config>
</install>
