<?xml version="1.0" encoding="utf-8"?>
<install version="1.5" type="plugin" group="emailalerts" method="upgrade">

	<name>J!MailAlerts - Sobi2 - Latest Listings</name>
	<author>Techjoomla</author>
	<creationDate>18th May 2012</creationDate>
	<copyright>Techjoomla. All rights reserved.</copyright>
	<license>http://www.gnu.org/licenses/gpl-2.0.html GNU/GPL</license>
	<authorEmail>extensions@techjoomla.com</authorEmail>
	<authorUrl>http://www.techjoomla.com</authorUrl>	
	<version>2.4.4</version>
	<description> This Plugin pulls the details of latest addition of SOBI2 items in the selected category in SOBI2 to the J!MailAlerts Component. </description>
	
	<languages folder="language/en-GB">
        <language tag="en-GB">en-GB.plg_emailalerts_jma_sobi2category.ini</language>
    </languages>

	<files>
		<filename plugin="jma_sobi2category">jma_sobi2category.php</filename>
		<folder>jma_sobi2category</folder>
	</files>

	<params>
		<param name="plugintitle" type="text" default="SOBI Latest Items" label="LBL_PLUGIN_TITLE_SOBI2" description="DESC_PLUGIN_TITLE_SOBI2" />
		
		<param name="show_image" type="radio" default="0" label="LBL_SHOW_IMAGE_SOBI2" description="DESC_SHOW_IMAGE_SOBI2">
			<option value="0">No</option>
			<option value="1">Yes</option>
		</param>
		<param name="integrate_gallery" type="radio" default="0" label="LBL_INTE_GALLERY_SOBI2" description="DESC_INTE_GALLERY_SOBI2">
			<option value="0">No</option>
			<option value="1">Yes</option>
		</param>
			
	</params>

	<params group="legacy" addpath="/administrator/components/com_jmailalerts/plugins/emailalerts/element/joomla15" >
		<param name="count" type="text" default="6" label="LBL_COUNT__SOBI2" class="required validate-numeric inputbox" description="DESC_COUNT_SOBI2" />
		<param name="category" type="sqlmultilistx" sql="SELECT catid, name FROM #__sobi2_categories WHERE catid > 1 AND published=1" key_field="catid" value_field="name" default="2" multiple="multiple" label="LBL_CATEGORY_SOBI2" description="DESC_CATEGORY_SOBI2" />
	</params>
  <!-- Fields for Joomla 1.6.x and onwards -->
 
	<config name="params">
  	<fields name="params">
    	<fieldset name="basic" label="Plugin Parameters">
				<field name="plugintitle" type="text" default="SOBI Latest Items" label="LBL_PLUGIN_TITLE_SOBI2" description="DESC_PLUGIN_TITLE_SOBI2" />
				<field name="show_image" type="radio" default="0" label="LBL_SHOW_IMAGE_SOBI2" description="DESC_SHOW_IMAGE_SOBI2">
					<option value="0">No</option>
					<option value="1">Yes</option>
				</field>
				<field name="integrate_gallery" type="radio" default="0" label="LBL_INTE_GALLERY_SOBI2" description="DESC_INTE_GALLERY_SOBI2">
					<option value="0">No</option>
					<option value="1">Yes</option>
				</field>
       </fieldset>
      <fieldset name="legacy" label="Legacy Parameters">
				<field name="count" type="text" default="6" label="LBL_COUNT__SOBI2" class="required validate-numeric inputbox" description="DESC_COUNT_SOBI2" />	
				<field name="category" type="sql" query="SELECT catid, name FROM #__sobi2_categories WHERE catid > 1 AND published=1" key_field="catid" value_field="name" default="2" multiple="multiple" label="LBL_CATEGORY_SOBI2" description="DESC_CATEGORY_SOBI2" />
			</fieldset>
		</fields>
	</config>

</install>
